-- 测试数据插入脚本
-- 包含用户、活动、参与者、申请、附件等各种数据

-- 清空现有数据（可选）
-- DELETE FROM attachments;
-- DELETE FROM applications;
-- DELETE FROM activity_participants;
-- DELETE FROM paper_patent_details;
-- DELETE FROM entrepreneurship_practice_details;
-- DELETE FROM entrepreneurship_project_details;
-- DELETE FROM competition_activity_details;
-- DELETE FROM innovation_activity_details;
-- DELETE FROM credit_activities;
-- DELETE FROM users;

-- ========================================
-- 1. 插入用户数据
-- ========================================

-- 管理员用户
INSERT INTO users (id, username, password, email, phone, real_name, user_type, status, student_id, college, major, class, grade, department, title) VALUES
('11111111-1111-1111-1111-111111111111', 'admin', '$2a$10$92IXUNpkjO0rOQ5byMi.Ye4oKoEa3Ro9llC/.og/at2.uheWG/igi', 'admin@university.edu.cn', '13800138000', '系统管理员', 'admin', 'active', NULL, NULL, NULL, NULL, NULL, '信息技术部', '系统管理员');

-- 教师用户
INSERT INTO users (id, username, password, email, phone, real_name, user_type, status, student_id, college, major, class, grade, department, title) VALUES
('22222222-2222-2222-2222-222222222222', 'teacher1', '$2a$10$92IXUNpkjO0rOQ5byMi.Ye4oKoEa3Ro9llC/.og/at2.uheWG/igi', 'teacher1@university.edu.cn', '13800138001', '张教授', 'teacher', 'active', NULL, NULL, NULL, NULL, NULL, '计算机学部', '教授'),
('22222222-2222-2222-2222-222222222223', 'teacher2', '$2a$10$92IXUNpkjO0rOQ5byMi.Ye4oKoEa3Ro9llC/.og/at2.uheWG/igi', 'teacher2@university.edu.cn', '13800138002', '李副教授', 'teacher', 'active', NULL, NULL, NULL, NULL, NULL, '机械工程学部', '副教授'),
('22222222-2222-2222-2222-222222222224', 'teacher3', '$2a$10$92IXUNpkjO0rOQ5byMi.Ye4oKoEa3Ro9llC/.og/at2.uheWG/igi', 'teacher3@university.edu.cn', '13800138003', '王讲师', 'teacher', 'active', NULL, NULL, NULL, NULL, NULL, '经济管理学部', '讲师'),
('22222222-2222-2222-2222-222222222225', 'teacher4', '$2a$10$92IXUNpkjO0rOQ5byMi.Ye4oKoEa3Ro9llC/.og/at2.uheWG/igi', 'teacher4@university.edu.cn', '13800138004', '陈教授', 'teacher', 'active', NULL, NULL, NULL, NULL, NULL, '化学学部', '教授'),
('22222222-2222-2222-2222-222222222226', 'teacher5', '$2a$10$92IXUNpkjO0rOQ5byMi.Ye4oKoEa3Ro9llC/.og/at2.uheWG/igi', 'teacher5@university.edu.cn', '13800138005', '刘副教授', 'teacher', 'active', NULL, NULL, NULL, NULL, NULL, '物理学部', '副教授');

-- 学生用户
INSERT INTO users (id, username, password, email, phone, real_name, user_type, status, student_id, college, major, class, grade, department, title) VALUES
('33333333-3333-3333-3333-333333333333', 'student1', '$2a$10$92IXUNpkjO0rOQ5byMi.Ye4oKoEa3Ro9llC/.og/at2.uheWG/igi', 'student1@university.edu.cn', '13800138006', '张三', 'student', 'active', '20210001', '计算机学部', '计算机科学与技术', '计科2101', '2021', NULL, NULL),
('33333333-3333-3333-3333-333333333334', 'student2', '$2a$10$92IXUNpkjO0rOQ5byMi.Ye4oKoEa3Ro9llC/.og/at2.uheWG/igi', 'student2@university.edu.cn', '13800138007', '李四', 'student', 'active', '20210002', '计算机学部', '软件工程', '软工2101', '2021', NULL, NULL),
('33333333-3333-3333-3333-333333333335', 'student3', '$2a$10$92IXUNpkjO0rOQ5byMi.Ye4oKoEa3Ro9llC/.og/at2.uheWG/igi', 'student3@university.edu.cn', '13800138008', '王五', 'student', 'active', '20210003', '机械工程学部', '机械设计制造及其自动化', '机械2101', '2021', NULL, NULL),
('33333333-3333-3333-3333-333333333336', 'student4', '$2a$10$92IXUNpkjO0rOQ5byMi.Ye4oKoEa3Ro9llC/.og/at2.uheWG/igi', 'student4@university.edu.cn', '13800138009', '赵六', 'student', 'active', '20210004', '经济管理学部', '工商管理', '工商2101', '2021', NULL, NULL),
('33333333-3333-3333-3333-333333333337', 'student5', '$2a$10$92IXUNpkjO0rOQ5byMi.Ye4oKoEa3Ro9llC/.og/at2.uheWG/igi', 'student5@university.edu.cn', '13800138010', '钱七', 'student', 'active', '20210005', '化学学部', '应用化学', '应化2101', '2021', NULL, NULL),
('33333333-3333-3333-3333-333333333338', 'student6', '$2a$10$92IXUNpkjO0rOQ5byMi.Ye4oKoEa3Ro9llC/.og/at2.uheWG/igi', 'student6@university.edu.cn', '13800138011', '孙八', 'student', 'active', '20210006', '物理学部', '物理学', '物理2101', '2021', NULL, NULL),
('33333333-3333-3333-3333-333333333339', 'student7', '$2a$10$92IXUNpkjO0rOQ5byMi.Ye4oKoEa3Ro9llC/.og/at2.uheWG/igi', 'student7@university.edu.cn', '13800138012', '周九', 'student', 'active', '20210007', '计算机学部', '人工智能', '智能2101', '2021', NULL, NULL),
('33333333-3333-3333-3333-333333333340', 'student8', '$2a$10$92IXUNpkjO0rOQ5byMi.Ye4oKoEa3Ro9llC/.og/at2.uheWG/igi', 'student8@university.edu.cn', '13800138013', '吴十', 'student', 'active', '20210008', '机械工程学部', '工业设计', '工设2101', '2021', NULL, NULL),
('33333333-3333-3333-3333-333333333341', 'student9', '$2a$10$92IXUNpkjO0rOQ5byMi.Ye4oKoEa3Ro9llC/.og/at2.uheWG/igi', 'student9@university.edu.cn', '13800138014', '郑十一', 'student', 'active', '20210009', '经济管理学部', '市场营销', '营销2101', '2021', NULL, NULL),
('33333333-3333-3333-3333-333333333342', 'student10', '$2a$10$92IXUNpkjO0rOQ5byMi.Ye4oKoEa3Ro9llC/.og/at2.uheWG/igi', 'student10@university.edu.cn', '13800138015', '王十二', 'student', 'active', '20210010', '化学学部', '化学工程与工艺', '化工2101', '2021', NULL, NULL);

-- ========================================
-- 2. 插入学分活动数据
-- ========================================

-- 创新创业实践活动
INSERT INTO credit_activities (id, title, description, start_date, end_date, status, category, owner_id, reviewer_id) VALUES
('44444444-4444-4444-4444-444444444444', '互联网+创新创业大赛', '参加全国互联网+创新创业大赛，展示创新项目', '2024-03-01', '2024-06-30', 'approved', '创新创业实践活动', '33333333-3333-3333-3333-333333333333', '22222222-2222-2222-2222-222222222222'),
('44444444-4444-4444-4444-444444444445', '大学生创新创业训练计划', '参与校级创新创业训练计划项目', '2024-02-15', '2024-08-15', 'approved', '创新创业实践活动', '33333333-3333-3333-3333-333333333334', '22222222-2222-2222-2222-222222222223'),
('44444444-4444-4444-4444-444444444446', '科技创新实验室项目', '在科技创新实验室参与研发项目', '2024-01-10', '2024-12-31', 'approved', '创新创业实践活动', '33333333-3333-3333-3333-333333333335', '22222222-2222-2222-2222-222222222224');

-- 学科竞赛
INSERT INTO credit_activities (id, title, description, start_date, end_date, status, category, owner_id, reviewer_id) VALUES
('44444444-4444-4444-4444-444444444447', '全国大学生数学建模竞赛', '参加全国大学生数学建模竞赛并获得省级奖项', '2024-09-01', '2024-09-30', 'approved', '学科竞赛', '33333333-3333-3333-3333-333333333336', '22222222-2222-2222-2222-222222222225'),
('44444444-4444-4444-4444-444444444448', 'ACM程序设计竞赛', '参加ACM国际大学生程序设计竞赛', '2024-10-15', '2024-11-15', 'approved', '学科竞赛', '33333333-3333-3333-3333-333333333337', '22222222-2222-2222-2222-222222222226'),
('44444444-4444-4444-4444-444444444449', '全国大学生电子设计竞赛', '参加全国大学生电子设计竞赛', '2024-08-01', '2024-08-31', 'approved', '学科竞赛', '33333333-3333-3333-3333-333333333338', '22222222-2222-2222-2222-222222222222');

-- 大学生创业项目
INSERT INTO credit_activities (id, title, description, start_date, end_date, status, category, owner_id, reviewer_id) VALUES
('44444444-4444-4444-4444-444444444450', '校园二手交易平台创业项目', '开发校园二手交易平台，提供学生二手物品交易服务', '2024-03-15', '2024-12-31', 'approved', '大学生创业项目', '33333333-3333-3333-3333-333333333339', '22222222-2222-2222-2222-222222222223'),
('44444444-4444-4444-4444-444444444451', '智能校园导航系统', '开发基于AR技术的智能校园导航系统', '2024-04-01', '2024-11-30', 'approved', '大学生创业项目', '33333333-3333-3333-3333-333333333340', '22222222-2222-2222-2222-222222222224');

-- 创业实践项目
INSERT INTO credit_activities (id, title, description, start_date, end_date, status, category, owner_id, reviewer_id) VALUES
('44444444-4444-4444-4444-444444444452', '校园咖啡厅创业实践', '在校内开设咖啡厅，提供咖啡和简餐服务', '2024-02-01', '2024-12-31', 'approved', '创业实践项目', '33333333-3333-3333-3333-333333333341', '22222222-2222-2222-2222-222222222225'),
('44444444-4444-4444-4444-444444444453', '校园快递代收点', '在宿舍区设立快递代收点，为同学提供便利服务', '2024-01-15', '2024-12-31', 'approved', '创业实践项目', '33333333-3333-3333-3333-333333333342', '22222222-2222-2222-2222-222222222226');

-- 论文专利
INSERT INTO credit_activities (id, title, description, start_date, end_date, status, category, owner_id, reviewer_id) VALUES
('44444444-4444-4444-4444-444444444454', '基于深度学习的图像识别算法研究', '发表关于深度学习在图像识别领域应用的学术论文', '2024-01-01', '2024-06-30', 'approved', '论文专利', '33333333-3333-3333-3333-333333333333', '22222222-2222-2222-2222-222222222222'),
('44444444-4444-4444-4444-444444444455', '智能家居控制系统专利', '申请智能家居控制系统的实用新型专利', '2024-03-01', '2024-09-30', 'approved', '论文专利', '33333333-3333-3333-3333-333333333334', '22222222-2222-2222-2222-222222222223');

-- ========================================
-- 3. 插入活动详情数据
-- ========================================

-- 创新创业实践活动详情
INSERT INTO innovation_activity_details (activity_id, item, company, project_no, issuer, date, total_hours) VALUES
('44444444-4444-4444-4444-444444444444', '互联网+创新创业大赛', '教育部', 'INT2024001', '教育部高等教育司', '2024-06-30', 120.00),
('44444444-4444-4444-4444-444444444445', '大学生创新创业训练计划', '学校教务处', 'INN2024002', '学校创新创业学部', '2024-08-15', 200.00),
('44444444-4444-4444-4444-444444444446', '科技创新实验室项目', '学校科技处', 'TEC2024003', '学校科技处', '2024-12-31', 300.00);

-- 学科竞赛详情
INSERT INTO competition_activity_details (activity_id, level, competition, award_level, rank) VALUES
('44444444-4444-4444-4444-444444444447', '省级', '全国大学生数学建模竞赛', '二等奖', '第5名'),
('44444444-4444-4444-4444-444444444448', '国家级', 'ACM程序设计竞赛', '三等奖', '第15名'),
('44444444-4444-4444-4444-444444444449', '省级', '全国大学生电子设计竞赛', '一等奖', '第2名');

-- 大学生创业项目详情
INSERT INTO entrepreneurship_project_details (activity_id, project_name, project_level, project_rank) VALUES
('44444444-4444-4444-4444-444444444450', '校园二手交易平台', '校级', '优秀'),
('44444444-4444-4444-4444-444444444451', '智能校园导航系统', '省级', '良好');

-- 创业实践项目详情
INSERT INTO entrepreneurship_practice_details (activity_id, company_name, legal_person, share_percent) VALUES
('44444444-4444-4444-4444-444444444452', '校园咖啡厅', '张三', 60.00),
('44444444-4444-4444-4444-444444444453', '校园快递代收点', '李四', 80.00);

-- 论文专利详情
INSERT INTO paper_patent_details (activity_id, title, category, rank) VALUES
('44444444-4444-4444-4444-444444444454', '基于深度学习的图像识别算法研究', '学术论文', '核心期刊'),
('44444444-4444-4444-4444-444444444455', '智能家居控制系统', '实用新型专利', '已授权');

-- ========================================
-- 4. 插入参与者数据
-- ========================================

INSERT INTO activity_participants (activity_id, id, credits) VALUES
-- 互联网+创新创业大赛参与者
('44444444-4444-4444-4444-444444444444', '33333333-3333-3333-3333-333333333333', 2.0),
('44444444-4444-4444-4444-444444444444', '33333333-3333-3333-3333-333333333334', 1.5),
('44444444-4444-4444-4444-444444444444', '33333333-3333-3333-3333-333333333335', 1.0),

-- 大学生创新创业训练计划参与者
('44444444-4444-4444-4444-444444444445', '33333333-3333-3333-3333-333333333334', 2.5),
('44444444-4444-4444-4444-444444444445', '33333333-3333-3333-3333-333333333336', 2.0),
('44444444-4444-4444-4444-444444444445', '33333333-3333-3333-3333-333333333337', 1.5),

-- 科技创新实验室项目参与者
('44444444-4444-4444-4444-444444444446', '33333333-3333-3333-3333-333333333335', 3.0),
('44444444-4444-4444-4444-444444444446', '33333333-3333-3333-3333-333333333338', 2.5),
('44444444-4444-4444-4444-444444444446', '33333333-3333-3333-3333-333333333339', 2.0),

-- 数学建模竞赛参与者
('44444444-4444-4444-4444-444444444447', '33333333-3333-3333-3333-333333333336', 2.0),
('44444444-4444-4444-4444-444444444447', '33333333-3333-3333-3333-333333333340', 1.5),

-- ACM程序设计竞赛参与者
('44444444-4444-4444-4444-444444444448', '33333333-3333-3333-3333-333333333337', 2.5),
('44444444-4444-4444-4444-444444444448', '33333333-3333-3333-3333-333333333341', 2.0),

-- 电子设计竞赛参与者
('44444444-4444-4444-4444-444444444449', '33333333-3333-3333-3333-333333333338', 3.0),
('44444444-4444-4444-4444-444444444449', '33333333-3333-3333-3333-333333333342', 2.5);

-- ========================================
-- 5. 插入申请数据
-- ========================================

INSERT INTO applications (activity_id, id, status, applied_credits, awarded_credits) VALUES
-- 互联网+创新创业大赛申请
('44444444-4444-4444-4444-444444444444', '33333333-3333-3333-3333-333333333333', 'approved', 2.0, 2.0),
('44444444-4444-4444-4444-444444444444', '33333333-3333-3333-3333-333333333334', 'approved', 2.0, 1.5),
('44444444-4444-4444-4444-444444444444', '33333333-3333-3333-3333-333333333335', 'approved', 1.5, 1.0),

-- 大学生创新创业训练计划申请
('44444444-4444-4444-4444-444444444445', '33333333-3333-3333-3333-333333333334', 'approved', 3.0, 2.5),
('44444444-4444-4444-4444-444444444445', '33333333-3333-3333-3333-333333333336', 'approved', 2.5, 2.0),
('44444444-4444-4444-4444-444444444445', '33333333-3333-3333-3333-333333333337', 'approved', 2.0, 1.5),

-- 科技创新实验室项目申请
('44444444-4444-4444-4444-444444444446', '33333333-3333-3333-3333-333333333335', 'approved', 3.5, 3.0),
('44444444-4444-4444-4444-444444444446', '33333333-3333-3333-3333-333333333338', 'approved', 3.0, 2.5),
('44444444-4444-4444-4444-444444444446', '33333333-3333-3333-3333-333333333339', 'approved', 2.5, 2.0),

-- 数学建模竞赛申请
('44444444-4444-4444-4444-444444444447', '33333333-3333-3333-3333-333333333336', 'approved', 2.5, 2.0),
('44444444-4444-4444-4444-444444444447', '33333333-3333-3333-3333-333333333340', 'approved', 2.0, 1.5),

-- ACM程序设计竞赛申请
('44444444-4444-4444-4444-444444444448', '33333333-3333-3333-3333-333333333337', 'approved', 3.0, 2.5),
('44444444-4444-4444-4444-444444444448', '33333333-3333-3333-3333-333333333341', 'approved', 2.5, 2.0),

-- 电子设计竞赛申请
('44444444-4444-4444-4444-444444444449', '33333333-3333-3333-3333-333333333338', 'approved', 3.5, 3.0),
('44444444-4444-4444-4444-444444444449', '33333333-3333-3333-3333-333333333342', 'approved', 3.0, 2.5);

-- ========================================
-- 6. 插入附件数据
-- ========================================

INSERT INTO attachments (activity_id, file_name, original_name, file_size, file_type, file_category, description, uploaded_by) VALUES
-- 互联网+创新创业大赛附件
('44444444-4444-4444-4444-444444444444', 'project_proposal_2024001.pdf', '项目申请书.pdf', 2048576, '.pdf', 'document', '项目申请书', '33333333-3333-3333-3333-333333333333'),
('44444444-4444-4444-4444-444444444444', 'project_presentation_2024001.pptx', '项目展示PPT.pptx', 5120000, '.pptx', 'presentation', '项目展示PPT', '33333333-3333-3333-3333-333333333333'),
('44444444-4444-4444-4444-444444444444', 'project_demo_2024001.mp4', '项目演示视频.mp4', 15728640, '.mp4', 'video', '项目演示视频', '33333333-3333-3333-3333-333333333333'),

-- 大学生创新创业训练计划附件
('44444444-4444-4444-4444-444444444445', 'innovation_plan_2024002.docx', '创新计划书.docx', 1536000, '.docx', 'document', '创新计划书', '33333333-3333-3333-3333-333333333334'),
('44444444-4444-4444-4444-444444444445', 'research_report_2024002.pdf', '研究报告.pdf', 3072000, '.pdf', 'document', '研究报告', '33333333-3333-3333-3333-333333333334'),

-- 科技创新实验室项目附件
('44444444-4444-4444-4444-444444444446', 'lab_project_2024003.pdf', '实验室项目报告.pdf', 4096000, '.pdf', 'document', '实验室项目报告', '33333333-3333-3333-3333-333333333335'),
('44444444-4444-4444-4444-444444444446', 'experiment_data_2024003.xlsx', '实验数据.xlsx', 1024000, '.xlsx', 'spreadsheet', '实验数据表格', '33333333-3333-3333-3333-333333333335'),

-- 数学建模竞赛附件
('44444444-4444-4444-4444-444444444447', 'math_model_2024004.pdf', '数学建模论文.pdf', 2560000, '.pdf', 'document', '数学建模论文', '33333333-3333-3333-3333-333333333336'),
('44444444-4444-4444-4444-444444444447', 'model_code_2024004.zip', '模型代码.zip', 2048000, '.zip', 'archive', '模型代码文件', '33333333-3333-3333-3333-333333333336'),

-- ACM程序设计竞赛附件
('44444444-4444-4444-4444-444444444448', 'acm_solutions_2024005.cpp', 'ACM解题代码.cpp', 512000, '.cpp', 'document', 'ACM解题代码', '33333333-3333-3333-3333-333333333337'),
('44444444-4444-4444-4444-444444444448', 'acm_certificate_2024005.jpg', '获奖证书.jpg', 1024000, '.jpg', 'image', '获奖证书', '33333333-3333-3333-3333-333333333337'),

-- 电子设计竞赛附件
('44444444-4444-4444-4444-444444444449', 'electronic_design_2024006.pdf', '电子设计报告.pdf', 3584000, '.pdf', 'document', '电子设计报告', '33333333-3333-3333-3333-333333333338'),
('44444444-4444-4444-4444-444444444449', 'circuit_diagram_2024006.png', '电路图.png', 1536000, '.png', 'image', '电路设计图', '33333333-3333-3333-3333-333333333338');

-- ========================================
-- 7. 更新活动状态和审核信息
-- ========================================

UPDATE credit_activities SET 
    review_comments = '项目创新性强，技术方案可行，同意通过',
    reviewed_at = CURRENT_TIMESTAMP
WHERE id IN (
    '44444444-4444-4444-4444-444444444444',
    '44444444-4444-4444-4444-444444444445',
    '44444444-4444-4444-4444-444444444446',
    '44444444-4444-4444-4444-444444444447',
    '44444444-4444-4444-4444-444444444448',
    '44444444-4444-4444-4444-444444444449',
    '44444444-4444-4444-4444-444444444450',
    '44444444-4444-4444-4444-444444444451',
    '44444444-4444-4444-4444-444444444452',
    '44444444-4444-4444-4444-444444444453',
    '44444444-4444-4444-4444-444444444454',
    '44444444-4444-4444-4444-444444444455'
);

-- 显示插入的数据统计
SELECT '用户数据统计' as info, COUNT(*) as count FROM users
UNION ALL
SELECT '学分活动统计', COUNT(*) FROM credit_activities
UNION ALL
SELECT '参与者统计', COUNT(*) FROM activity_participants
UNION ALL
SELECT '申请统计', COUNT(*) FROM applications
UNION ALL
SELECT '附件统计', COUNT(*) FROM attachments; 